year,month,cpiu,rcpiurs,ccpiu,seriesCensusRec_mthly
1947,1,21.48,,,21.48
1947,2,21.620001,,,21.620001
1947,3,22,,,22
1947,4,22,,,22
1947,5,21.950001,,,21.950001
1947,6,22.08,,,22.08
1947,7,22.23,,,22.23
1947,8,22.4,,,22.4
1947,9,22.84,,,22.84
1947,10,22.91,,,22.91
1947,11,23.059999,,,23.059999
1947,12,23.41,,,23.41
1948,1,23.68,,,23.68
1948,2,23.67,,,23.67
1948,3,23.5,,,23.5
1948,4,23.82,,,23.82
1948,5,24.01,,,24.01
1948,6,24.15,,,24.15
1948,7,24.4,,,24.4
1948,8,24.43,,,24.43
1948,9,24.360001,,,24.360001
1948,10,24.309999,,,24.309999
1948,11,24.16,,,24.16
1948,12,24.049999,,,24.049999
1949,1,24.01,,,24.01
1949,2,23.91,,,23.91
1949,3,23.91,,,23.91
1949,4,23.92,,,23.92
1949,5,23.91,,,23.91
1949,6,23.92,,,23.92
1949,7,23.700001,,,23.700001
1949,8,23.700001,,,23.700001
1949,9,23.75,,,23.75
1949,10,23.67,,,23.67
1949,11,23.700001,,,23.700001
1949,12,23.610001,,,23.610001
1950,1,23.51,,,23.51
1950,2,23.610001,,,23.610001
1950,3,23.639999,,,23.639999
1950,4,23.65,,,23.65
1950,5,23.77,,,23.77
1950,6,23.879999,,,23.879999
1950,7,24.07,,,24.07
1950,8,24.200001,,,24.200001
1950,9,24.34,,,24.34
1950,10,24.5,,,24.5
1950,11,24.6,,,24.6
1950,12,24.98,,,24.98
1951,1,25.379999,,,25.379999
1951,2,25.83,,,25.83
1951,3,25.879999,,,25.879999
1951,4,25.92,,,25.92
1951,5,25.99,,,25.99
1951,6,25.93,,,25.93
1951,7,25.91,,,25.91
1951,8,25.860001,,,25.860001
1951,9,26.030001,,,26.030001
1951,10,26.16,,,26.16
1951,11,26.32,,,26.32
1951,12,26.469999,,,26.469999
1952,1,26.450001,,,26.450001
1952,2,26.41,,,26.41
1952,3,26.389999,,,26.389999
1952,4,26.459999,,,26.459999
1952,5,26.469999,,,26.469999
1952,6,26.530001,,,26.530001
1952,7,26.68,,,26.68
1952,8,26.690001,,,26.690001
1952,9,26.629999,,,26.629999
1952,10,26.690001,,,26.690001
1952,11,26.690001,,,26.690001
1952,12,26.709999,,,26.709999
1953,1,26.639999,,,26.639999
1953,2,26.59,,,26.59
1953,3,26.629999,,,26.629999
1953,4,26.690001,,,26.690001
1953,5,26.700001,,,26.700001
1953,6,26.77,,,26.77
1953,7,26.790001,,,26.790001
1953,8,26.85,,,26.85
1953,9,26.889999,,,26.889999
1953,10,26.950001,,,26.950001
1953,11,26.85,,,26.85
1953,12,26.870001,,,26.870001
1954,1,26.940001,,,26.940001
1954,2,26.99,,,26.99
1954,3,26.93,,,26.93
1954,4,26.860001,,,26.860001
1954,5,26.93,,,26.93
1954,6,26.940001,,,26.940001
1954,7,26.860001,,,26.860001
1954,8,26.85,,,26.85
1954,9,26.809999,,,26.809999
1954,10,26.719999,,,26.719999
1954,11,26.780001,,,26.780001
1954,12,26.77,,,26.77
1955,1,26.77,,,26.77
1955,2,26.82,,,26.82
1955,3,26.790001,,,26.790001
1955,4,26.790001,,,26.790001
1955,5,26.77,,,26.77
1955,6,26.709999,,,26.709999
1955,7,26.76,,,26.76
1955,8,26.719999,,,26.719999
1955,9,26.85,,,26.85
1955,10,26.82,,,26.82
1955,11,26.879999,,,26.879999
1955,12,26.870001,,,26.870001
1956,1,26.83,,,26.83
1956,2,26.860001,,,26.860001
1956,3,26.889999,,,26.889999
1956,4,26.93,,,26.93
1956,5,27.030001,,,27.030001
1956,6,27.15,,,27.15
1956,7,27.290001,,,27.290001
1956,8,27.309999,,,27.309999
1956,9,27.35,,,27.35
1956,10,27.51,,,27.51
1956,11,27.51,,,27.51
1956,12,27.629999,,,27.629999
1957,1,27.67,,,27.67
1957,2,27.799999,,,27.799999
1957,3,27.860001,,,27.860001
1957,4,27.93,,,27.93
1957,5,28,,,28
1957,6,28.110001,,,28.110001
1957,7,28.190001,,,28.190001
1957,8,28.280001,,,28.280001
1957,9,28.32,,,28.32
1957,10,28.32,,,28.32
1957,11,28.41,,,28.41
1957,12,28.469999,,,28.469999
1958,1,28.639999,,,28.639999
1958,2,28.700001,,,28.700001
1958,3,28.870001,,,28.870001
1958,4,28.940001,,,28.940001
1958,5,28.940001,,,28.940001
1958,6,28.91,,,28.91
1958,7,28.889999,,,28.889999
1958,8,28.940001,,,28.940001
1958,9,28.91,,,28.91
1958,10,28.91,,,28.91
1958,11,28.950001,,,28.950001
1958,12,28.969999,,,28.969999
1959,1,29.01,,,29.01
1959,2,29,,,29
1959,3,28.969999,,,28.969999
1959,4,28.98,,,28.98
1959,5,29.040001,,,29.040001
1959,6,29.110001,,,29.110001
1959,7,29.15,,,29.15
1959,8,29.18,,,29.18
1959,9,29.25,,,29.25
1959,10,29.35,,,29.35
1959,11,29.35,,,29.35
1959,12,29.41,,,29.41
1960,1,29.370001,,,29.370001
1960,2,29.41,,,29.41
1960,3,29.41,,,29.41
1960,4,29.540001,,,29.540001
1960,5,29.57,,,29.57
1960,6,29.610001,,,29.610001
1960,7,29.549999,,,29.549999
1960,8,29.610001,,,29.610001
1960,9,29.610001,,,29.610001
1960,10,29.75,,,29.75
1960,11,29.780001,,,29.780001
1960,12,29.809999,,,29.809999
1961,1,29.84,,,29.84
1961,2,29.84,,,29.84
1961,3,29.84,,,29.84
1961,4,29.809999,,,29.809999
1961,5,29.84,,,29.84
1961,6,29.84,,,29.84
1961,7,29.92,,,29.92
1961,8,29.940001,,,29.940001
1961,9,29.98,,,29.98
1961,10,29.98,,,29.98
1961,11,29.98,,,29.98
1961,12,30.01,,,30.01
1962,1,30.040001,,,30.040001
1962,2,30.110001,,,30.110001
1962,3,30.17,,,30.17
1962,4,30.209999,,,30.209999
1962,5,30.24,,,30.24
1962,6,30.209999,,,30.209999
1962,7,30.219999,,,30.219999
1962,8,30.280001,,,30.280001
1962,9,30.42,,,30.42
1962,10,30.379999,,,30.379999
1962,11,30.379999,,,30.379999
1962,12,30.379999,,,30.379999
1963,1,30.440001,,,30.440001
1963,2,30.48,,,30.48
1963,3,30.51,,,30.51
1963,4,30.48,,,30.48
1963,5,30.51,,,30.51
1963,6,30.610001,,,30.610001
1963,7,30.690001,,,30.690001
1963,8,30.75,,,30.75
1963,9,30.719999,,,30.719999
1963,10,30.75,,,30.75
1963,11,30.780001,,,30.780001
1963,12,30.879999,,,30.879999
1964,1,30.940001,,,30.940001
1964,2,30.91,,,30.91
1964,3,30.940001,,,30.940001
1964,4,30.950001,,,30.950001
1964,5,30.98,,,30.98
1964,6,31.01,,,31.01
1964,7,31.02,,,31.02
1964,8,31.049999,,,31.049999
1964,9,31.08,,,31.08
1964,10,31.120001,,,31.120001
1964,11,31.209999,,,31.209999
1964,12,31.25,,,31.25
1965,1,31.280001,,,31.280001
1965,2,31.280001,,,31.280001
1965,3,31.309999,,,31.309999
1965,4,31.379999,,,31.379999
1965,5,31.48,,,31.48
1965,6,31.610001,,,31.610001
1965,7,31.58,,,31.58
1965,8,31.549999,,,31.549999
1965,9,31.620001,,,31.620001
1965,10,31.65,,,31.65
1965,11,31.75,,,31.75
1965,12,31.85,,,31.85
1966,1,31.879999,,,31.879999
1966,2,32.080002,,,32.080002
1966,3,32.18,,,32.18
1966,4,32.279999,,,32.279999
1966,5,32.349998,,,32.349998
1966,6,32.380001,,,32.380001
1966,7,32.450001,,,32.450001
1966,8,32.650002,,,32.650002
1966,9,32.75,,,32.75
1966,10,32.849998,,,32.849998
1966,11,32.880001,,,32.880001
1966,12,32.919998,,,32.919998
1967,1,32.900002,,,32.900002
1967,2,33,,,33
1967,3,33,,,33
1967,4,33.099998,,,33.099998
1967,5,33.099998,,,33.099998
1967,6,33.299999,,,33.299999
1967,7,33.400002,,,33.400002
1967,8,33.5,,,33.5
1967,9,33.599998,,,33.599998
1967,10,33.700001,,,33.700001
1967,11,33.900002,,,33.900002
1967,12,34,,,34
1968,1,34.099998,,,34.099998
1968,2,34.200001,,,34.200001
1968,3,34.299999,,,34.299999
1968,4,34.400002,,,34.400002
1968,5,34.5,,,34.5
1968,6,34.700001,,,34.700001
1968,7,34.900002,,,34.900002
1968,8,35,,,35
1968,9,35.099998,,,35.099998
1968,10,35.299999,,,35.299999
1968,11,35.400002,,,35.400002
1968,12,35.599998,,,35.599998
1969,1,35.700001,,,35.700001
1969,2,35.799999,,,35.799999
1969,3,36.099998,,,36.099998
1969,4,36.299999,,,36.299999
1969,5,36.400002,,,36.400002
1969,6,36.599998,,,36.599998
1969,7,36.799999,,,36.799999
1969,8,36.900002,,,36.900002
1969,9,37.099998,,,37.099998
1969,10,37.299999,,,37.299999
1969,11,37.5,,,37.5
1969,12,37.700001,,,37.700001
1970,1,37.900002,,,37.900002
1970,2,38.099998,,,38.099998
1970,3,38.299999,,,38.299999
1970,4,38.5,,,38.5
1970,5,38.599998,,,38.599998
1970,6,38.799999,,,38.799999
1970,7,38.900002,,,38.900002
1970,8,39,,,39
1970,9,39.200001,,,39.200001
1970,10,39.400002,,,39.400002
1970,11,39.599998,,,39.599998
1970,12,39.799999,,,39.799999
1971,1,39.900002,,,39.900002
1971,2,39.900002,,,39.900002
1971,3,40,,,40
1971,4,40.099998,,,40.099998
1971,5,40.299999,,,40.299999
1971,6,40.5,,,40.5
1971,7,40.599998,,,40.599998
1971,8,40.700001,,,40.700001
1971,9,40.799999,,,40.799999
1971,10,40.900002,,,40.900002
1971,11,41,,,41
1971,12,41.099998,,,41.099998
1972,1,41.200001,,,41.200001
1972,2,41.400002,,,41.400002
1972,3,41.400002,,,41.400002
1972,4,41.5,,,41.5
1972,5,41.599998,,,41.599998
1972,6,41.700001,,,41.700001
1972,7,41.799999,,,41.799999
1972,8,41.900002,,,41.900002
1972,9,42.099998,,,42.099998
1972,10,42.200001,,,42.200001
1972,11,42.400002,,,42.400002
1972,12,42.5,,,42.5
1973,1,42.700001,,,42.700001
1973,2,43,,,43
1973,3,43.400002,,,43.400002
1973,4,43.700001,,,43.700001
1973,5,43.900002,,,43.900002
1973,6,44.200001,,,44.200001
1973,7,44.200001,,,44.200001
1973,8,45,,,45
1973,9,45.200001,,,45.200001
1973,10,45.599998,,,45.599998
1973,11,45.900002,,,45.900002
1973,12,46.299999,,,46.299999
1974,1,46.799999,,,46.799999
1974,2,47.299999,,,47.299999
1974,3,47.799999,,,47.799999
1974,4,48.099998,,,48.099998
1974,5,48.599998,,,48.599998
1974,6,49,,,49
1974,7,49.299999,,,49.299999
1974,8,49.900002,,,49.900002
1974,9,50.599998,,,50.599998
1974,10,51,,,51
1974,11,51.5,,,51.5
1974,12,51.900002,,,51.900002
1975,1,52.299999,,,52.299999
1975,2,52.599998,,,52.599998
1975,3,52.799999,,,52.799999
1975,4,53,,,53
1975,5,53.099998,,,53.099998
1975,6,53.5,,,53.5
1975,7,54,,,54
1975,8,54.200001,,,54.200001
1975,9,54.599998,,,54.599998
1975,10,54.900002,,,54.900002
1975,11,55.299999,,,55.299999
1975,12,55.599998,,,55.599998
1976,1,55.799999,,,55.799999
1976,2,55.900002,,,55.900002
1976,3,56,,,56
1976,4,56.099998,,,56.099998
1976,5,56.400002,,,56.400002
1976,6,56.700001,,,56.700001
1976,7,57,,,57
1976,8,57.299999,,,57.299999
1976,9,57.599998,,,57.599998
1976,10,57.900002,,,57.900002
1976,11,58.099998,,,58.099998
1976,12,58.400002,,,58.400002
1977,1,58.700001,,,58.700001
1977,2,59.299999,,,59.299999
1977,3,59.599998,,,59.599998
1977,4,60,,,60
1977,5,60.200001,,,60.200001
1977,6,60.5,,,60.5
1977,7,60.799999,,,60.799999
1977,8,61.099998,,,61.099998
1977,9,61.299999,,,61.299999
1977,10,61.599998,,,61.599998
1977,11,62,,,62
1977,12,62.299999,100,,62.299999
1978,1,62.700001,100.5,,62.6115
1978,2,63,101.1,,62.985298
1978,3,63.400002,101.8,,63.421398
1978,4,63.900002,102.7,,63.982098
1978,5,64.5,103.6,,64.542801
1978,6,65,104.5,,65.1035
1978,7,65.5,105,,65.415001
1978,8,65.900002,105.5,,65.726501
1978,9,66.5,106.1,,66.100304
1978,10,67.099998,106.7,,66.474106
1978,11,67.5,107.3,,66.847908
1978,12,67.900002,107.8,,67.159409
1979,1,68.5,108.7,,67.720108
1979,2,69.199997,109.7,,68.343109
1979,3,69.900002,110.7,,68.96611
1979,4,70.599998,111.8,,69.651413
1979,5,71.400002,113,,70.39901
1979,6,72.199997,114.1,,71.084312
1979,7,73,115.1,,71.707314
1979,8,73.699997,116,,72.268013
1979,9,74.400002,117.1,,72.953316
1979,10,75.199997,117.9,,73.451714
1979,11,76,118.5,,73.825516
1979,12,76.900002,119.5,,74.448517
1980,1,78,120.8,,75.258415
1980,2,79,122.4,,76.255219
1980,3,80.099998,123.8,,77.127419
1980,4,80.900002,124.7,,77.688118
1980,5,81.699997,125.7,,78.311119
1980,6,82.5,126.7,,78.93412
1980,7,82.599998,127.5,,79.432518
1980,8,83.199997,128.6,,80.117821
1980,9,83.900002,129.9,,80.927719
1980,10,84.699997,130.7,,81.426117
1980,11,85.599998,131.5,,81.924515
1980,12,86.400002,132.4,,82.485214
1981,1,87.199997,133.6,,83.232811
1981,2,88,135.2,,84.229614
1981,3,88.599998,136.3,,84.914917
1981,4,89.099998,137.1,,85.413315
1981,5,89.699997,137.9,,85.911713
1981,6,90.5,138.7,,86.41011
1981,7,91.5,139.7,,87.033112
1981,8,92.199997,140.7,,87.656113
1981,9,93.099998,141.8,,88.341415
1981,10,93.400002,142.4,,88.715218
1981,11,93.800003,142.9,,89.026718
1981,12,94.099998,143.4,,89.338219
1982,1,94.400002,144.2,,89.836617
1982,2,94.699997,144.7,,90.148117
1982,3,94.699997,144.9,,90.27272
1982,4,95,145,,90.335022
1982,5,95.900002,146.1,,91.020325
1982,6,97,147.5,,91.892525
1982,7,97.5,148.5,,92.515526
1982,8,97.699997,148.8,,92.702423
1982,9,97.699997,149.5,,93.138527
1982,10,98.099998,150.2,,93.574631
1982,11,98,150.5,,93.761528
1982,12,97.699997,150.6,,93.82383
1983,1,97.900002,151,,94.073029
1983,2,98,151.1,,94.13533
1983,3,98.099998,151.2,,94.197632
1983,4,98.800003,152.4,,94.945229
1983,5,99.199997,153.2,,95.443626
1983,6,99.400002,153.7,,95.755127
1983,7,99.800003,154.3,,96.128929
1983,8,100.1,154.8,,96.44043
1983,9,100.4,155.6,,96.938828
1983,10,100.8,156,,97.188026
1983,11,101.1,156.1,,97.250328
1983,12,101.4,156.3,,97.374931
1984,1,102.1,157.2,,97.935631
1984,2,102.6,158,,98.434029
1984,3,102.9,158.3,,98.620926
1984,4,103.3,159,,99.05703
1984,5,103.5,159.5,,99.36853
1984,6,103.7,159.9,,99.617729
1984,7,104.1,160.4,,99.92923
1984,8,104.4,161.1,,100.36533
1984,9,104.7,161.8,,100.80144
1984,10,105.1,162.2,,101.05064
1984,11,105.3,162.2,,101.05064
1984,12,105.5,162.3,,101.11294
1985,1,105.7,162.5,,101.23754
1985,2,106.3,163.2,,101.67365
1985,3,106.8,163.9,,102.10975
1985,4,107,164.6,,102.54585
1985,5,107.2,165.2,,102.91965
1985,6,107.5,165.6,,103.16885
1985,7,107.7,165.9,,103.35575
1985,8,107.9,166.2,,103.54265
1985,9,108.1,166.8,,103.91645
1985,10,108.5,167.2,,104.16565
1985,11,109,167.7,,104.47715
1985,12,109.5,168.1,,104.72635
1986,1,109.9,168.6,,105.03785
1986,2,109.7,168.1,,104.72635
1986,3,109.1,167.3,,104.22795
1986,4,108.7,166.9,,103.97875
1986,5,109,167.4,,104.29025
1986,6,109.4,168.2,,104.78865
1986,7,109.5,168.2,,104.78865
1986,8,109.6,168.5,,104.97555
1986,9,110,169.4,,105.53625
1986,10,110.2,169.5,,105.59855
1986,11,110.4,169.5,,105.59855
1986,12,110.8,169.6,,105.66085
1987,1,111.4,170.6,,106.28385
1987,2,111.8,171.3,,106.71996
1987,3,112.2,172,,107.15606
1987,4,112.7,172.9,,107.71676
1987,5,113,173.4,,108.02826
1987,6,113.5,174,,108.40206
1987,7,113.8,174.3,,108.58896
1987,8,114.3,175.3,,109.21196
1987,9,114.7,176.1,,109.71036
1987,10,115,176.5,,109.95956
1987,11,115.4,176.6,,110.02186
1987,12,115.6,176.5,,109.95956
1988,1,116,177,,110.27106
1988,2,116.2,177.3,,110.45795
1988,3,116.5,178,,110.89406
1988,4,117.2,178.9,,111.45476
1988,5,117.5,179.5,,111.82856
1988,6,118,180.1,,112.20236
1988,7,118.5,180.8,,112.63847
1988,8,119,181.6,,113.13686
1988,9,119.5,182.7,,113.82217
1988,10,119.9,183.2,,114.13367
1988,11,120.3,183.3,,114.19597
1988,12,120.7,183.4,,114.25827
1989,1,121.2,184.3,,114.81897
1989,2,121.6,184.9,,115.19277
1989,3,122.2,185.9,,115.81577
1989,4,123.1,187.2,,116.62567
1989,5,123.7,188.1,,117.18637
1989,6,124.1,188.5,,117.43557
1989,7,124.5,189,,117.74707
1989,8,124.5,189.2,,117.87167
1989,9,124.8,189.8,,118.24548
1989,10,125.4,190.6,,118.74387
1989,11,125.9,190.9,,118.93077
1989,12,126.3,191.1,,119.05537
1990,1,127.5,193,,120.23907
1990,2,128,193.9,,120.79977
1990,3,128.60001,194.9,,121.42278
1990,4,128.89999,195.2,,121.60967
1990,5,129.10001,195.5,,121.79657
1990,6,129.89999,196.5,,122.41957
1990,7,130.5,197.3,,122.91797
1990,8,131.60001,199,,123.97707
1990,9,132.5,200.6,,124.97387
1990,10,133.39999,201.7,,125.65917
1990,11,133.7,202,,125.84607
1990,12,134.2,202,,125.84607
1991,1,134.7,202.9,,126.40677
1991,2,134.8,203.1,,126.53137
1991,3,134.8,203.3,,126.65598
1991,4,135.10001,203.5,,126.78058
1991,5,135.60001,204.1,,127.15438
1991,6,136,204.5,,127.40358
1991,7,136.2,204.7,,127.52818
1991,8,136.60001,205.2,,127.83968
1991,9,137,206.1,,128.40039
1991,10,137.2,206.2,,128.46269
1991,11,137.8,206.7,,128.77419
1991,12,138.2,206.8,,128.83649
1992,1,138.3,207.2,,129.08569
1992,2,138.60001,207.7,,129.39719
1992,3,139.10001,208.6,,129.95789
1992,4,139.39999,209,,130.20709
1992,5,139.7,209.3,,130.394
1992,6,140.10001,209.7,,130.6432
1992,7,140.5,210.1,,130.89241
1992,8,140.8,210.6,,131.2039
1992,9,141.10001,211.2,,131.5777
1992,10,141.7,211.8,,131.95149
1992,11,142.10001,212.1,,132.1384
1992,12,142.3,211.9,,132.01379
1993,1,142.8,212.6,,132.44989
1993,2,143.10001,213.3,,132.88599
1993,3,143.3,214,,133.32208
1993,4,143.8,214.5,,133.63358
1993,5,144.2,215,,133.94507
1993,6,144.3,215.2,,134.06967
1993,7,144.5,215.3,,134.13197
1993,8,144.8,215.7,,134.38118
1993,9,145,216,,134.56808
1993,10,145.60001,216.7,,135.00418
1993,11,146,216.9,,135.12878
1993,12,146.3,216.7,,135.00418
1994,1,146.3,217.1,,135.25339
1994,2,146.7,217.6,,135.56488
1994,3,147.10001,218.4,,136.06328
1994,4,147.2,218.6,,136.18788
1994,5,147.5,218.9,,136.37479
1994,6,147.89999,219.5,,136.74858
1994,7,148.39999,220,,137.06007
1994,8,149,220.7,,137.49617
1994,9,149.3,221.1,,137.74538
1994,10,149.39999,221.2,,137.80768
1994,11,149.8,221.5,,137.99458
1994,12,150.10001,221.4,,137.93228
1995,1,150.5,222.2,,138.43068
1995,2,150.89999,222.9,,138.86678
1995,3,151.2,223.6,,139.30287
1995,4,151.8,224.3,,139.73897
1995,5,152.10001,224.7,,139.98817
1995,6,152.39999,225.2,,140.29967
1995,7,152.60001,225.3,,140.36197
1995,8,152.89999,225.7,,140.61118
1995,9,153.10001,226.1,,140.86038
1995,10,153.5,226.7,,141.23418
1995,11,153.7,226.5,,141.10957
1995,12,153.89999,226.4,,141.04727
1996,1,154.7,227.5,,141.73257
1996,2,155,228.3,,142.23097
1996,3,155.5,229.4,,142.91628
1996,4,156.10001,230.2,,143.41467
1996,5,156.39999,230.8,,143.78847
1996,6,156.7,230.9,,143.85077
1996,7,157,231.3,,144.09998
1996,8,157.2,231.5,,144.22458
1996,9,157.7,232.3,,144.72298
1996,10,158.2,233,,145.15907
1996,11,158.7,233.4,,145.40828
1996,12,159.10001,233.4,,145.40828
1997,1,159.39999,234.1,,145.84438
1997,2,159.7,234.7,,146.21817
1997,3,159.8,235.2,,146.52966
1997,4,159.89999,235.5,,146.71657
1997,5,159.89999,235.4,,146.65427
1997,6,160.2,235.8,,146.90347
1997,7,160.39999,235.9,,146.96577
1997,8,160.8,236.3,,147.21498
1997,9,161.2,237.1,,147.71338
1997,10,161.5,237.5,,147.96259
1997,11,161.7,237.4,,147.90028
1997,12,161.8,237,,147.65108
1998,1,162,237.4,,147.90028
1998,2,162,237.8,,148.14949
1998,3,162,238.1,,148.3364
1998,4,162.2,238.6,,148.64789
1998,5,162.60001,239,,148.89709
1998,6,162.8,239.1,,148.9594
1998,7,163.2,239.4,,149.1463
1998,8,163.39999,239.7,,149.33321
1998,9,163.5,240,,149.52011
1998,10,163.89999,240.5,,149.8316
1998,11,164.10001,240.5,,149.8316
1998,12,164.39999,240.3,,149.707
1999,1,164.7,240.9,,150.0808
1999,2,164.7,241.2,,150.2677
1999,3,164.8,241.9,,150.7038
1999,4,165.89999,243.6,,151.76289
1999,5,166,243.6,,151.76289
1999,6,166,243.7,,151.8252
1999,7,166.7,244.4,,152.26129
1999,8,167.10001,245.1,,152.69739
1999,9,167.8,246.2,,153.38269
1999,10,168.10001,246.7,,153.69418
1999,11,168.39999,246.8,,153.75648
1999,12,168.8,246.8,100,153.75648
2000,1,169.3,247.6,100.3,154.21776
2000,2,170,249.1,100.9,155.14029
2000,3,171,251.1,101.6,156.21658
2000,4,170.89999,251.2,101.6,156.21658
2000,5,171.2,251.4,101.7,156.37033
2000,6,172.2,252.9,102.1,156.98535
2000,7,172.7,253.4,102.3,157.29288
2000,8,172.7,253.4,102.3,157.29288
2000,9,173.60001,254.8,102.8,158.06166
2000,10,173.89999,255.1,102.9,158.21541
2000,11,174.2,255.3,102.8,158.06166
2000,12,174.60001,255.1,102.6,157.75414
2001,1,175.60001,256.8,103.3,158.83044
2001,2,176,257.9,103.7,159.44547
2001,3,176.10001,258.5,103.9,159.75299
2001,4,176.39999,259.5,104.2,160.21425
2001,5,177.3,260.5,104.6,160.82927
2001,6,177.7,261.1,104.8,161.1368
2001,7,177.39999,260.3,104.5,160.67552
2001,8,177.39999,260.4,104.6,160.82927
2001,9,178.10001,261.4,104.9,161.29054
2001,10,177.60001,260.6,104.7,160.98302
2001,11,177.5,260.1,104.4,160.52176
2001,12,177.39999,259.1,103.9,159.75298
2002,1,177.7,259.8,104.2,160.21423
2002,2,178,260.8,104.5,160.67551
2002,3,178.5,262.2,105.1,161.59804
2002,4,179.3,263.7,105.6,162.36682
2002,5,179.5,263.6,105.6,162.36682
2002,6,179.60001,263.9,105.6,162.36682
2002,7,180,264.1,105.7,162.52057
2002,8,180.5,265,106,162.98184
2002,9,180.8,265.4,106.3,163.44312
2002,10,181.2,265.9,106.4,163.59686
2002,11,181.5,265.9,106.3,163.44312
2002,12,181.8,265.3,106,162.98184
2003,1,182.60001,266.4,106.5,163.75063
2003,2,183.60001,268.6,107.3,164.98068
2003,3,183.89999,270.2,107.9,165.90321
2003,4,183.2,269.5,107.7,165.59569
2003,5,182.89999,269.1,107.5,165.28818
2003,6,183.10001,269.5,107.6,165.44193
2003,7,183.7,269.7,107.7,165.59567
2003,8,184.5,270.7,108.2,166.36446
2003,9,185.10001,271.6,108.5,166.82573
2003,10,184.89999,271.4,108.4,166.67198
2003,11,185,270.6,108,166.05696
2003,12,185.5,270.3,107.8,165.74945
2004,1,186.3,271.7,108.5,166.82574
2004,2,186.7,273.2,109.1,167.74828
2004,3,187.10001,274.9,109.7,168.67081
2004,4,187.39999,275.8,110,169.13208
2004,5,188.2,277.3,110.6,170.05461
2004,6,188.89999,278.2,110.8,170.36214
2004,7,189.10001,277.8,110.7,170.20837
2004,8,189.2,277.9,110.7,170.20837
2004,9,189.8,278.5,111,170.66965
2004,10,190.8,280,111.6,171.59218
2004,11,191.7,280.2,111.6,171.59218
2004,12,191.7,279.1,111.2,170.97716
2005,1,191.60001,279.6,111.3,171.13092
2005,2,192.39999,281.3,111.9,172.05345
2005,3,193.10001,283.5,112.6,173.12975
2005,4,193.7,285.4,113.4,174.3598
2005,5,193.60001,285.2,113.3,174.20605
2005,6,193.7,285.2,113.2,174.05229
2005,7,194.89999,286.5,113.7,174.82108
2005,8,196.10001,288,114.3,175.74362
2005,9,198.8,291.5,115.6,177.74245
2005,10,199.10001,292.2,115.7,177.89619
2005,11,198.10001,289.8,114.9,176.66615
2005,12,198.10001,288.6,114.4,175.89737
2006,1,199.3,290.8,115.2,177.12741
2006,2,199.39999,291.4,115.4,177.43494
2006,3,199.7,293.1,116,178.35747
2006,4,200.7,295.5,116.9,179.74127
2006,5,201.3,296.9,117.5,180.6638
2006,6,201.8,297.6,117.7,180.97131
2006,7,202.89999,298.4,118.1,181.58633
2006,8,203.8,299.1,118.3,181.89386
2006,9,202.8,297.6,117.8,181.12508
2006,10,201.89999,296,117.1,180.04877
2006,11,202,295.6,116.9,179.74126
2006,12,203.10001,296,117,179.895
2007,1,203.437,296.9,117.33,180.4024
2007,2,204.226,298.5,117.877,181.24345
2007,3,205.28799,301.2,118.913,182.83638
2007,4,205.90401,303.1,119.666,183.99416
2007,5,206.755,305,120.292,184.95667
2007,6,207.23399,305.6,120.439,185.18269
2007,7,207.603,305.5,120.377,185.08736
2007,8,207.66701,304.9,120.288,184.95052
2007,9,208.547,305.8,120.638,185.48866
2007,10,209.19,306.4,120.885,185.86844
2007,11,210.834,308.3,121.481,186.78482
2007,12,211.44501,308.1,121.295,186.49883
2008,1,212.174,309.6,121.867,187.37831
2008,2,212.687,310.5,122.25,187.96721
2008,3,213.448,313.2,123.323,189.61702
2008,4,213.942,315.1,124.116,190.8363
2008,5,215.20799,317.7,125.171,192.45844
2008,6,217.463,320.9,126.307,194.20511
2008,7,219.01601,322.6,126.918,195.14456
2008,8,218.69,321.3,126.594,194.64639
2008,9,218.877,320.9,126.551,194.58028
2008,10,216.995,317.6,125.5,192.96429
2008,11,213.153,311.6,123.044,189.18803
2008,12,211.39799,308.3,121.557,186.90167
2009,1,211.933,309.7,122.095,187.72888
2009,2,212.705,311.2,122.598,188.50227
2009,3,212.495,312,122.803,188.81747
2009,4,212.709,312.8,123.053,189.20186
2009,5,213.022,313.7,123.427,189.7769
2009,6,214.78999,316.4,124.485,191.40364
2009,7,214.726,315.8,124.293,191.10843
2009,8,215.44501,316.6,124.62,191.61122
2009,9,215.86099,316.8,124.706,191.74345
2009,10,216.509,317.1,124.791,191.87415
2009,11,217.23399,317.3,124.788,191.86954
2009,12,217.347,316.7,124.544,191.49437
2010,1,217.48801,317.8,124.987,192.17551
2010,2,217.28101,317.9,124.972,192.15245
2010,3,217.353,319.2,125.442,192.87511
2010,4,217.403,319.8,125.62,193.14879
2010,5,217.28999,320,125.678,193.23796
2010,6,217.19901,319.7,125.521,192.99657
2010,7,217.605,319.8,125.536,193.01962
2010,8,217.923,320.2,125.756,193.35788
2010,9,218.27499,320.4,125.83,193.47166
2010,10,219.035,320.8,125.969,193.68538
2010,11,219.59,320.9,125.92,193.61003
2010,12,220.472,321.5,126.143,193.95291
2011,1,221.187,323,126.778,194.92926
2011,2,221.89799,324.6,127.363,195.82874
2011,3,223.04601,327.8,128.58501,197.70766
2011,4,224.093,329.9,129.483,199.08838
2011,5,224.806,331.5,129.99899,199.88174
2011,6,224.806,331.1,129.84599,199.6465
2011,7,225.395,331.4,129.983,199.85716
2011,8,226.106,332.3,130.351,200.42297
2011,9,226.597,332.8,130.63499,200.85963
2011,10,226.75,332.2,130.373,200.4568
2011,11,227.16901,331.9,130.196,200.18465
2011,12,227.22301,331.1,129.84399,199.64342
2012,1,227.842,332.6,130.438,200.55675
2012,2,228.32899,334,130.953,201.34859
2012,3,228.80701,336.6,131.905,202.81235
2012,4,229.187,337.6,132.284,203.39508
2012,5,228.713,337.2,132.15401,203.19521
2012,6,228.524,336.7,131.95599,202.89075
2012,7,228.59,336.2,131.731,202.54482
2012,8,229.918,338.1,132.42999,203.61955
2012,9,231.015,339.6,132.98801,204.47754
2012,10,231.638,339.5,132.892,204.32993
2012,11,231.24899,337.9,132.20799,203.27823
2012,12,231.22099,337,131.77,202.6048
2013,1,231.679,338,132.13699,203.16907
2013,2,232.937,340.8,133.20399,204.80965
2013,3,232.282,341.7,133.558,205.35394
2013,4,231.797,341.3,133.42101,205.14331
2013,5,231.89301,341.9,133.62601,205.45851
2013,6,232.44501,342.8,133.89999,205.87978
2013,7,232.89999,342.9,133.91901,205.90901
2013,8,233.45599,343.3,134.09801,206.18423
2013,9,233.54401,343.8,134.255,206.42563
2013,10,233.66901,342.9,133.87601,205.8429
2013,11,234.10001,342.2,133.59599,205.41235
2013,12,234.71899,342.2,133.509,205.27859
2014,1,235.28799,343.5,134.017,206.05968
2014,2,235.547,344.8,134.54201,206.86691
2014,3,236.028,347,135.375,208.14769
2014,4,236.468,348.2,135.771,208.75656
2014,5,236.918,349.4,136.216,209.4408
2014,6,237.231,350.1,136.433,209.77444
2014,7,237.498,349.9,136.392,209.71141
2014,8,237.46001,349.3,136.127,209.30396
2014,9,237.47701,349.6,136.211,209.43311
2014,10,237.42999,348.7,135.89101,208.9411
2014,11,236.983,346.9,135.10699,207.73563
2014,12,236.252,344.9,134.207,206.35182
2015,1,234.74699,343.4,133.487,205.24478
2015,2,235.342,344.9,134.05299,206.11504
2015,3,235.976,346.9,134.96899,207.52344
2015,4,236.222,347.7,135.222,207.91245
2015,5,237.00101,349.4,135.97701,209.07332
2015,6,237.657,350.7,136.39101,209.70987
2015,7,238.034,350.7,136.371,209.67911
2015,8,238.033,350.2,136.125,209.30086
2015,9,237.498,349.7,135.83701,208.85805
2015,10,237.733,349.5,135.735,208.7012
2015,11,238.017,348.8,135.39301,208.17537
2015,12,237.761,347.6,134.78799,207.24513
2016,1,237.65199,348.2,134.966,207.51883
2016,2,237.336,348.5,134.953,207.49884
2016,3,238.08,350,135.655,208.5782
2016,4,238.992,351.7,136.332,209.61914
2016,5,239.55701,353.1,136.895,210.48479
2016,6,240.222,354.2,137.32899,211.15207
2016,7,240.101,353.7,137.007,210.65698
2016,8,240.545,354,137.026,210.68619
2016,9,241.17599,354.8,137.328,211.15053
2016,10,241.741,355.3,137.536,211.47034
2016,11,242.026,354.7,137.25301,211.03522
2016,12,242.63699,354.9,137.22099,210.98599
2017,1,243.618,356.9,138.035,212.23758
2017,2,244.006,358,138.403,212.80339
2017,3,243.892,358.3,138.461,212.89256
2017,4,244.19299,359.4,138.81,213.42917
2017,5,244.004,359.7,138.922,213.60138
2017,6,244.16299,360,138.989,213.70439
2017,7,244.243,359.8,138.755,213.3446
2017,8,245.183,360.9,139.12801,213.91812
2017,9,246.435,362.8,139.87801,215.07129
2017,10,246.62601,362.5,139.782,214.92368
2017,11,247.284,362.6,139.72,214.82835
2017,12,247.80499,362.3,139.54601,214.56082
2018,1,248.85899,364.3,140.239,215.62634
2018,2,249.52901,366,140.80499,216.4966
2018,3,249.577,366.7,141.142,217.01477
2018,4,250.22701,368.3,141.662,217.81432
2018,5,250.79201,369.8,142.146,218.55849
2018,6,251.01801,370.3,142.349,218.87062
2018,7,251.214,370.4,142.317,218.82143
2018,8,251.66299,370.7,142.317,218.82143
2018,9,252.18201,371.1,142.489,219.08588
2018,10,252.772,371.8,142.7,219.41029
2018,11,252.59399,370.6,142.23801,218.69995
2018,12,252.767,369.3,141.69901,217.8712
2019,1,252.718,370,142.00101,218.33554
2019,2,253.32201,371.5,142.571,219.21194
2019,3,254.202,373.6,143.297,220.32822
2019,4,255.211,375.6,143.92599,221.29533
2019,5,255.28999,376.4,144.183,221.69049
2019,6,255.159,376.5,144.243,221.78275
2019,7,255.685,377.2,144.409,222.03798
2019,8,256.05899,377.1,144.388,222.00569
2019,9,256.51099,377.5,144.42799,222.06718
2019,10,257.24399,378.4,144.629,222.37624
2019,11,257.80301,378.2,144.51801,222.20558
2019,12,258.616,377.8,144.25101,221.79506
2020,1,259.03699,379.2,144.813,222.65916
2020,2,259.24799,380.2,145.19299,223.24342
2020,3,258.12399,379.5,144.91299,222.81291
2020,4,256.09201,377.2,144.142,221.62746
2020,5,255.868,377.2,144.01801,221.43681
2020,6,256.98599,379.4,144.847,222.71144
2020,7,258.27802,381.3,145.74699,224.09525
2020,8,259.41101,382.6,146.27,224.89941
2020,9,260.02899,383.1,146.41701,225.12544
2020,10,260.28601,383.2,146.382,225.07162
2020,11,260.81299,382.9,146.242,224.85637
2020,12,262.035,383.2,146.408,225.1116
2021,1,262.64999,384.9,147.125,226.21404
2021,2,263.638,387.1,147.845,227.32108
2021,3,264.914,390,148.746,228.70642
2021,4,266.67001,393.2,149.903,230.48538
2021,5,268.444,396.7,151.022,232.20592
2021,6,270.55899,400.5,152.295,234.16322
2021,7,271.76401,402.4,153.076,235.36407
2021,8,272.87,403.1,153.30099,235.71001
2021,9,274.02802,404.2,153.73399,236.37576
2021,10,276.522,407.6,154.884,238.14398
2021,11,278.711,409.5,155.53799,239.14954
2021,12,280.88699,410.8,155.92599,239.74611
2022,1,282.599,414.3,157.17799,241.67114
2022,2,284.60999,418.2,158.617,243.88371
2022,3,287.47198,423.9,160.83501,247.29404
2022,4,288.61099,426.3,161.787,248.7578
2022,5,291.26801,431,163.61501,251.56847
2022,6,294.728,436.9,165.55299,254.54825
2022,7,294.62799,436.8,165.746,254.84502
2022,8,295.32001,436.7,165.94501,255.151
2022,9,296.539,437.6,166.418,255.87825
2022,10,297.987,439.4,167.08701,256.90689
2022,11,298.59799,439,166.98199,256.74542
2022,12,298.98999,437.6,166.59,256.1427
2023,1,300.53601,,167.873,258.11539
2023,2,301.64801,,168.83,259.58682
2023,3,301.80801,,169.364,260.40787
2023,4,302.918,,170.2,261.69327
2023,5,303.29401,,170.608,262.32059
2023,6,303.841,,171.151,263.15549
